<?xml version="1.0" encoding="UTF-8"?>
<keywords>
   <keywords>
      <text FeatureID="-1">recording, sounds</text>
      <target FeatureID="-1" href="VOREC_HLP_EMPTY_RECORDER.html">Record sound clips</target>
   </keywords>
   <keywords>
      <text FeatureID="-1">voice recorder</text>
      <target FeatureID="-1" href="VOREC_HLP_MAIN.html">Using Voice recorder</target>
   </keywords>
   <keywords>
      <text FeatureID="-1">recording sound clips</text>
      <target FeatureID="-1" href="VOREC_HLP_MAIN.html">Using Voice recorder</target>
   </keywords>
   <keywords>
      <text FeatureID="-1">voice recorder settings</text>
      <target FeatureID="-1" href="VOREC_HLP_SETTINGS.html">Voice recorder settings</target>
   </keywords>
</keywords>